{"CS_Fld_No_of_Share":{"0":null,"1":null,"2":null,"3":null,"4":null,"5":null,"6":null,"7":null,"8":null,"9":null,"10":null,"11":null,"12":null,"13":null,"14":null,"15":null,"16":null,"17":null,"18":null,"19":null,"20":null,"21":null,"22":null,"23":null,"24":null,"25":null,"26":null,"27":null,"28":null,"29":null,"30":null,"31":null,"32":null,"33":null,"34":null,"35":null,"36":null,"37":null,"38":null,"39":null,"40":null,"41":null,"42":null,"43":null,"44":null,"45":null,"46":null,"47":null,"48":null},"CS_Fld_Per_DilutedShare":{"0":null,"1":null,"2":null,"3":null,"4":null,"5":null,"6":null,"7":null,"8":null,"9":null,"10":null,"11":null,"12":null,"13":null,"14":null,"15":null,"16":null,"17":null,"18":null,"19":null,"20":null,"21":null,"22":null,"23":null,"24":null,"25":null,"26":null,"27":null,"28":null,"29":null,"30":null,"31":null,"32":null,"33":null,"34":null,"35":null,"36":null,"37":null,"38":null,"39":null,"40":null,"41":null,"42":null,"43":null,"44":null,"45":null,"46":null,"47":null,"48":null},"CS_Fld_Per_Share":{"0":null,"1":null,"2":null,"3":null,"4":null,"5":null,"6":null,"7":null,"8":null,"9":null,"10":null,"11":null,"12":null,"13":null,"14":null,"15":null,"16":null,"17":null,"18":null,"19":null,"20":null,"21":null,"22":null,"23":null,"24":null,"25":null,"26":null,"27":null,"28":null,"29":null,"30":null,"31":null,"32":null,"33":null,"34":null,"35":null,"36":null,"37":null,"38":null,"39":null,"40":null,"41":null,"42":null,"43":null,"44":null,"45":null,"46":null,"47":null,"48":null},"Fld_ExchangeName":{"0":"BSE NSE","1":"BSE NSE","2":"BSE NSE","3":"BSE NSE","4":"BSE NSE","5":"BSE NSE","6":"BSE NSE","7":"BSE NSE","8":"BSE NSE","9":"BSE NSE","10":"BSE NSE","11":"BSE NSE","12":"BSE NSE","13":"BSE NSE","14":"BSE NSE","15":"BSE NSE","16":"BSE NSE","17":"BSE NSE","18":"BSE NSE","19":"BSE NSE","20":"BSE NSE","21":"BSE NSE","22":"BSE NSE","23":"BSE NSE","24":"BSE NSE","25":"BSE NSE","26":"BSE NSE","27":"BSE NSE","28":"BSE NSE","29":"BSE NSE","30":"BSE NSE","31":"BSE NSE","32":"BSE NSE","33":"BSE NSE","34":"BSE NSE","35":"BSE NSE","36":"BSE NSE","37":"BSE NSE","38":"BSE NSE","39":"BSE NSE","40":"BSE NSE","41":"BSE NSE","42":"BSE NSE","43":"BSE NSE","44":"BSE NSE","45":"BSE NSE","46":"BSE NSE","47":"BSE NSE","48":"BSE NSE"},"Fld_FYear":{"0":2020.0,"1":2020.0,"2":2020.0,"3":2020.0,"4":2020.0,"5":2020.0,"6":2020.0,"7":2020.0,"8":2020.0,"9":2020.0,"10":2020.0,"11":2020.0,"12":2020.0,"13":2020.0,"14":2020.0,"15":2020.0,"16":2020.0,"17":2020.0,"18":2020.0,"19":2020.0,"20":2020.0,"21":2020.0,"22":2020.0,"23":2020.0,"24":2020.0,"25":2020.0,"26":2020.0,"27":2020.0,"28":2020.0,"29":2020.0,"30":2020.0,"31":2020.0,"32":2020.0,"33":2020.0,"34":2020.0,"35":2020.0,"36":2020.0,"37":2020.0,"38":2020.0,"39":2020.0,"40":2020.0,"41":2020.0,"42":2020.0,"43":2020.0,"44":2020.0,"45":2020.0,"46":2020.0,"47":2020.0,"48":2020.0},"Fld_Name":{"0":"Pinakin Commercials Private Limited","1":"Elakshi Commercials Private Limited","2":"Narahari Enterprises LLP","3":"Pitambar Enterprises LLP","4":"Rishikesh Enterprises LLP","5":"Abhayaprada Enterprises LLP","6":"Chakradev Enterprises LLP","7":"Kankhal Trading LLP","8":"Pavana Enterprises LLP","9":"Shripal Enterprises LLP","10":"Chakradhar Commercials LLP","11":"Chhatrabhuj Enterprises LLP","12":"Taran Enterprises LLP","13":"Vishatan Enterprises LLP","14":"Kamalakar Enterprises LLP","15":"Ajitesh Enterprises LLP","16":"Bhuvanesh Enterprises LLP","17":"Chakresh Enterprises LLP","18":"Janardan Commercials LLP","19":"Adisesh Enterprises LLP","20":"Badri Commercials LLP","21":"Synergy Synthetics Private Limited","22":"Harinarayan Enterprises LLP","23":"Trilokesh Commercials LLP","24":"Futura Commercials Private Limited","25":"Neutron Enterprises Private Limited","26":"Carat Holdings and Trading Co Pvt Ltd","27":"Exotic Officeinfra Private Limited","28":"Reliance Industrial Infrastructure Limited","29":"Vasuprada Enterprises LLP","30":"Reliance Welfare Association","31":"Mukesh D Ambani","32":"Isha M Ambani","33":"Anant M Ambani","34":"Akash M Ambani","35":"Nita M Ambani","36":"Svar Enterprises LLP","37":"Shrikrishna Tradecom LLP","38":"Shreeji Comtrade LLP","39":"K D Ambani","40":"Samarjit Enterprises LLP","41":"Reliance Services and Holdings Limited (a compnay controlled by Petroleum Trust, sole beneficiary of which is M\/s. Reliance Industrial Investments and Holdings Ltd)","42":"Petroleum Trust (through Trustees for sole beneficiary-M\/s Reliance Industrial Investments and Holdings Ltd.)","43":"Reliance Industries Holding Private Ltd","44":"Tattvam Enterprises LLP","45":"Karuna Commercials LLP","46":"Devarshi Commercials LLP","47":"Srichakra Commercials LLP","48":"Total"},"Fld_ScripCode":{"0":500325.0,"1":500325.0,"2":500325.0,"3":500325.0,"4":500325.0,"5":500325.0,"6":500325.0,"7":500325.0,"8":500325.0,"9":500325.0,"10":500325.0,"11":500325.0,"12":500325.0,"13":500325.0,"14":500325.0,"15":500325.0,"16":500325.0,"17":500325.0,"18":500325.0,"19":500325.0,"20":500325.0,"21":500325.0,"22":500325.0,"23":500325.0,"24":500325.0,"25":500325.0,"26":500325.0,"27":500325.0,"28":500325.0,"29":500325.0,"30":500325.0,"31":500325.0,"32":500325.0,"33":500325.0,"34":500325.0,"35":500325.0,"36":500325.0,"37":500325.0,"38":500325.0,"39":500325.0,"40":500325.0,"41":500325.0,"42":500325.0,"43":500325.0,"44":500325.0,"45":500325.0,"46":500325.0,"47":500325.0,"48":500325.0},"OI_Fld_No_of_Share":{"0":null,"1":null,"2":null,"3":null,"4":null,"5":null,"6":null,"7":null,"8":null,"9":null,"10":null,"11":null,"12":null,"13":null,"14":null,"15":null,"16":null,"17":null,"18":null,"19":null,"20":null,"21":null,"22":null,"23":null,"24":null,"25":null,"26":null,"27":null,"28":null,"29":null,"30":null,"31":null,"32":null,"33":null,"34":null,"35":null,"36":null,"37":null,"38":null,"39":null,"40":null,"41":null,"42":null,"43":null,"44":null,"45":null,"46":null,"47":null,"48":null},"OI_Fld_Per_DilutedShare":{"0":null,"1":null,"2":null,"3":null,"4":null,"5":null,"6":null,"7":null,"8":null,"9":null,"10":null,"11":null,"12":null,"13":null,"14":null,"15":null,"16":null,"17":null,"18":null,"19":null,"20":null,"21":null,"22":null,"23":null,"24":null,"25":null,"26":null,"27":null,"28":null,"29":null,"30":null,"31":null,"32":null,"33":null,"34":null,"35":null,"36":null,"37":null,"38":null,"39":null,"40":null,"41":null,"42":null,"43":null,"44":null,"45":null,"46":null,"47":null,"48":null},"OI_Fld_Per_Share":{"0":null,"1":null,"2":null,"3":null,"4":null,"5":null,"6":null,"7":null,"8":null,"9":null,"10":null,"11":null,"12":null,"13":null,"14":null,"15":null,"16":null,"17":null,"18":null,"19":null,"20":null,"21":null,"22":null,"23":null,"24":null,"25":null,"26":null,"27":null,"28":null,"29":null,"30":null,"31":null,"32":null,"33":null,"34":null,"35":null,"36":null,"37":null,"38":null,"39":null,"40":null,"41":null,"42":null,"43":null,"44":null,"45":null,"46":null,"47":null,"48":null},"SH_Fld_No_of_Share":{"0":100.0,"1":100.0,"2":200.0,"3":200.0,"4":200.0,"5":200.0,"6":200.0,"7":200.0,"8":200.0,"9":200.0,"10":200.0,"11":200.0,"12":200.0,"13":200.0,"14":200.0,"15":200.0,"16":200.0,"17":200.0,"18":200.0,"19":200.0,"20":200.0,"21":200.0,"22":200.0,"23":200.0,"24":1690.0,"25":1722.0,"26":10200.0,"27":25776.0,"28":344000.0,"29":1233680.0,"30":5010936.0,"31":7500000.0,"32":7500000.0,"33":7500000.0,"34":7500000.0,"35":7500000.0,"36":12740032.0,"37":13355000.0,"38":13355000.0,"39":14662148.0,"40":116081370.0,"41":171882820.0,"42":240942006.0,"43":257537726.0,"44":508166996.0,"45":508166996.0,"46":508166996.0,"47":688895274.0,"48":3098084968.0},"SH_Fld_Per_DilutedShare":{"0":0.0,"1":0.0,"2":0.0,"3":0.0,"4":0.0,"5":0.0,"6":0.0,"7":0.0,"8":0.0,"9":0.0,"10":0.0,"11":0.0,"12":0.0,"13":0.0,"14":0.0,"15":0.0,"16":0.0,"17":0.0,"18":0.0,"19":0.0,"20":0.0,"21":0.0,"22":0.0,"23":0.0,"24":0.0,"25":0.0,"26":0.0,"27":0.0,"28":0.01,"29":0.02,"30":0.08,"31":0.12,"32":0.12,"33":0.12,"34":0.12,"35":0.12,"36":0.2,"37":0.21,"38":0.21,"39":0.23,"40":1.83,"41":2.71,"42":3.8,"43":4.06,"44":8.02,"45":8.02,"46":8.02,"47":10.87,"48":48.89},"SH_Fld_Per_Share":{"0":0.0,"1":0.0,"2":0.0,"3":0.0,"4":0.0,"5":0.0,"6":0.0,"7":0.0,"8":0.0,"9":0.0,"10":0.0,"11":0.0,"12":0.0,"13":0.0,"14":0.0,"15":0.0,"16":0.0,"17":0.0,"18":0.0,"19":0.0,"20":0.0,"21":0.0,"22":0.0,"23":0.0,"24":0.0,"25":0.0,"26":0.0,"27":0.0,"28":0.01,"29":0.02,"30":0.08,"31":0.12,"32":0.12,"33":0.12,"34":0.12,"35":0.12,"36":0.2,"37":0.21,"38":0.21,"39":0.23,"40":1.83,"41":2.71,"42":3.8,"43":4.06,"44":8.02,"45":8.02,"46":8.02,"47":10.87,"48":48.89},"VR_Fld_No_of_Share":{"0":null,"1":null,"2":null,"3":null,"4":null,"5":null,"6":null,"7":null,"8":null,"9":null,"10":null,"11":null,"12":null,"13":null,"14":null,"15":null,"16":null,"17":null,"18":null,"19":null,"20":null,"21":null,"22":null,"23":null,"24":null,"25":null,"26":null,"27":null,"28":null,"29":null,"30":null,"31":null,"32":null,"33":null,"34":null,"35":null,"36":null,"37":null,"38":null,"39":null,"40":null,"41":null,"42":null,"43":null,"44":null,"45":null,"46":null,"47":null,"48":null},"VR_Fld_Per_DilutedShare":{"0":null,"1":null,"2":null,"3":null,"4":null,"5":null,"6":null,"7":null,"8":null,"9":null,"10":null,"11":null,"12":null,"13":null,"14":null,"15":null,"16":null,"17":null,"18":null,"19":null,"20":null,"21":null,"22":null,"23":null,"24":null,"25":null,"26":null,"27":null,"28":null,"29":null,"30":null,"31":null,"32":null,"33":null,"34":null,"35":null,"36":null,"37":null,"38":null,"39":null,"40":null,"41":null,"42":null,"43":null,"44":null,"45":null,"46":null,"47":null,"48":null},"VR_Fld_Per_Share":{"0":null,"1":null,"2":null,"3":null,"4":null,"5":null,"6":null,"7":null,"8":null,"9":null,"10":null,"11":null,"12":null,"13":null,"14":null,"15":null,"16":null,"17":null,"18":null,"19":null,"20":null,"21":null,"22":null,"23":null,"24":null,"25":null,"26":null,"27":null,"28":null,"29":null,"30":null,"31":null,"32":null,"33":null,"34":null,"35":null,"36":null,"37":null,"38":null,"39":null,"40":null,"41":null,"42":null,"43":null,"44":null,"45":null,"46":null,"47":null,"48":null},"WR_Fld_No_of_Share":{"0":null,"1":null,"2":null,"3":null,"4":null,"5":null,"6":null,"7":null,"8":null,"9":null,"10":null,"11":null,"12":null,"13":null,"14":null,"15":null,"16":null,"17":null,"18":null,"19":null,"20":null,"21":null,"22":null,"23":null,"24":null,"25":null,"26":null,"27":null,"28":null,"29":null,"30":null,"31":null,"32":null,"33":null,"34":null,"35":null,"36":null,"37":null,"38":null,"39":null,"40":null,"41":null,"42":null,"43":null,"44":null,"45":null,"46":null,"47":null,"48":null},"WR_Fld_Per_DilutedShare":{"0":null,"1":null,"2":null,"3":null,"4":null,"5":null,"6":null,"7":null,"8":null,"9":null,"10":null,"11":null,"12":null,"13":null,"14":null,"15":null,"16":null,"17":null,"18":null,"19":null,"20":null,"21":null,"22":null,"23":null,"24":null,"25":null,"26":null,"27":null,"28":null,"29":null,"30":null,"31":null,"32":null,"33":null,"34":null,"35":null,"36":null,"37":null,"38":null,"39":null,"40":null,"41":null,"42":null,"43":null,"44":null,"45":null,"46":null,"47":null,"48":null},"WR_Fld_Per_Share":{"0":null,"1":null,"2":null,"3":null,"4":null,"5":null,"6":null,"7":null,"8":null,"9":null,"10":null,"11":null,"12":null,"13":null,"14":null,"15":null,"16":null,"17":null,"18":null,"19":null,"20":null,"21":null,"22":null,"23":null,"24":null,"25":null,"26":null,"27":null,"28":null,"29":null,"30":null,"31":null,"32":null,"33":null,"34":null,"35":null,"36":null,"37":null,"38":null,"39":null,"40":null,"41":null,"42":null,"43":null,"44":null,"45":null,"46":null,"47":null,"48":null},"sLongName":{"0":"RELIANCE INDUSTRIES LTD.","1":"RELIANCE INDUSTRIES LTD.","2":"RELIANCE INDUSTRIES LTD.","3":"RELIANCE INDUSTRIES LTD.","4":"RELIANCE INDUSTRIES LTD.","5":"RELIANCE INDUSTRIES LTD.","6":"RELIANCE INDUSTRIES LTD.","7":"RELIANCE INDUSTRIES LTD.","8":"RELIANCE INDUSTRIES LTD.","9":"RELIANCE INDUSTRIES LTD.","10":"RELIANCE INDUSTRIES LTD.","11":"RELIANCE INDUSTRIES LTD.","12":"RELIANCE INDUSTRIES LTD.","13":"RELIANCE INDUSTRIES LTD.","14":"RELIANCE INDUSTRIES LTD.","15":"RELIANCE INDUSTRIES LTD.","16":"RELIANCE INDUSTRIES LTD.","17":"RELIANCE INDUSTRIES LTD.","18":"RELIANCE INDUSTRIES LTD.","19":"RELIANCE INDUSTRIES LTD.","20":"RELIANCE INDUSTRIES LTD.","21":"RELIANCE INDUSTRIES LTD.","22":"RELIANCE INDUSTRIES LTD.","23":"RELIANCE INDUSTRIES LTD.","24":"RELIANCE INDUSTRIES LTD.","25":"RELIANCE INDUSTRIES LTD.","26":"RELIANCE INDUSTRIES LTD.","27":"RELIANCE INDUSTRIES LTD.","28":"RELIANCE INDUSTRIES LTD.","29":"RELIANCE INDUSTRIES LTD.","30":"RELIANCE INDUSTRIES LTD.","31":"RELIANCE INDUSTRIES LTD.","32":"RELIANCE INDUSTRIES LTD.","33":"RELIANCE INDUSTRIES LTD.","34":"RELIANCE INDUSTRIES LTD.","35":"RELIANCE INDUSTRIES LTD.","36":"RELIANCE INDUSTRIES LTD.","37":"RELIANCE INDUSTRIES LTD.","38":"RELIANCE INDUSTRIES LTD.","39":"RELIANCE INDUSTRIES LTD.","40":"RELIANCE INDUSTRIES LTD.","41":"RELIANCE INDUSTRIES LTD.","42":"RELIANCE INDUSTRIES LTD.","43":"RELIANCE INDUSTRIES LTD.","44":"RELIANCE INDUSTRIES LTD.","45":"RELIANCE INDUSTRIES LTD.","46":"RELIANCE INDUSTRIES LTD.","47":"RELIANCE INDUSTRIES LTD.","48":"RELIANCE INDUSTRIES LTD."}}