{"BN1":{"0":null,"1":null,"2":null,"3":"Bonus issue 1:1","4":null},"BN2":{"0":null,"1":null,"2":null,"3":null,"4":null},"BN3":{"0":null,"1":null,"2":null,"3":null,"4":null},"BN4":{"0":null,"1":null,"2":null,"3":null,"4":null},"BN5":{"0":null,"1":null,"2":null,"3":null,"4":null},"DP1":{"0":null,"1":"6.50","2":"6.00","3":"11.00","4":"10.50"},"DP2":{"0":null,"1":null,"2":null,"3":null,"4":null},"DP3":{"0":null,"1":null,"2":null,"3":null,"4":null},"DP4":{"0":null,"1":null,"2":null,"3":null,"4":null},"DP5":{"0":null,"1":null,"2":null,"3":null,"4":null},"yeardate":{"0":2020.0,"1":2019.0,"2":2018.0,"3":2017.0,"4":2016.0}}