{"sDesignation":{"0":"Executive Director-Chairperson-MD","1":"Chief Financial Officer","2":"Executive Director","3":"Vice President - Corporate Secretarial","4":"Executive Director","5":"Executive Director","6":"Joint Chief Financial Officer","7":"Chief Investor Relations Officer","8":"Executive Director","9":"Non-Executive - Independent Director","10":"Non-Executive - Independent Director","11":"Non-Executive - Independent Director","12":"Non-Executive - Independent Director","13":"Non-Executive - Non Independent Director","14":"Non-Executive - Independent Director","15":"Non-Executive - Independent Director","16":"Non-Executive - Independent Director","17":"Non-Executive - Non Independent Director","18":"Joint Company Secretary & Compliance Officer","19":"Group Company Secretary & Chief Compliance Officer"},"sFirstname":{"0":"Mukesh D. Ambani","1":"Alok","2":"Nikhil R. Meswani","3":"S","4":"Hital R. Meswani","5":"P. M. S. Prasad","6":"Srikanth","7":"Hemen","8":"Pawan Kumar Kapil","9":"Yogendra P. Trivedi","10":"Dipak C. Jain","11":"Raghunath A. Mashelkar","12":"Adil Zainulbhai","13":"Nita M. Ambani","14":"Raminder Singh Gujral","15":"Shumeet Banerji","16":"Arundhati Bhattacharya","17":"K. V. Chowdary","18":"Smt. Savithri","19":"K"},"sLastname":{"0":"","1":"Agarwal","2":"","3":"Sudhakar","4":"","5":"","6":"Venkatachari","7":"Modi","8":"","9":"","10":"","11":"","12":"","13":"","14":"","15":"","16":"","17":"","18":"Parekh","19":"Sethuraman"},"sMiddlename":{"0":"","1":"","2":"","3":"","4":"","5":"","6":"","7":"","8":"","9":"","10":"","11":"","12":"","13":"","14":"","15":"","16":"","17":"","18":"","19":""},"sPrefix":{"0":"Mr.","1":" ","2":"Mr.","3":" ","4":"Mr.","5":"Mr.","6":" ","7":" ","8":"Mr.","9":"Mr.","10":"Mr.","11":"Mr.","12":"Mr.","13":"Mrs.","14":"Mr.","15":"Mr.","16":"Mrs.","17":"Mr.","18":" ","19":" "}}