CLIENT_NAME,DEAL_DATE,PRICE,QUANTITY,SCRIP_CODE,TRANSACTION_TYPE,scripname
TATTVAM ENTERPRISES LLP,27 Mar 2020,1056.0,76735388.0,500325.0,P,RELIANCE
DEVARSHI COMMERCIALS LLP,27 Mar 2020,1056.61,86552244.0,500325.0,S,RELIANCE
SAMARJIT ENTERPRISES LLP,25 Mar 2020,949.5,116081170.0,500325.0,P,RELIANCE
DEVARSHI COMMERCIALS LLP,25 Mar 2020,949.5,116081170.0,500325.0,S,RELIANCE
SRICHAKRA COMMERCIALS LLP,20 Mar 2017,1294.57,344447537.0,500325.0,P,RELIANCE
KANKHAL TRADING LLP,20 Mar 2017,1294.25,143464949.0,500325.0,S,RELIANCE
ADISESH ENTERPRISES LLP,20 Mar 2017,1295.75,40413210.0,500325.0,S,RELIANCE
PITAMBAR ENTERPRISES LLP,20 Mar 2017,1295.38,104899970.0,500325.0,S,RELIANCE
RISHIKESH ENTERPRISES LLP,20 Mar 2017,1293.75,60409318.0,500325.0,S,RELIANCE
TATTVAM ENTERPRISES LLP,20 Mar 2017,1295.75,40413210.0,500325.0,P,RELIANCE
PAVANA ENTERPRISES LLP,20 Mar 2017,1294.87,35673300.0,500325.0,S,RELIANCE
KARUNA COMMERCIALS LLP,15 Mar 2017,1283.63,254083398.0,500325.0,P,RELIANCE
AJITESH ENTERPRISES LLP,15 Mar 2017,1283.87,127041699.0,500325.0,S,RELIANCE
BHUVANESH ENTERPRISES LLP,15 Mar 2017,1284.5,134616711.0,500325.0,S,RELIANCE
BADRI COMMERCIALS LLP,15 Mar 2017,1283.38,127041699.0,500325.0,S,RELIANCE
TATTVAM ENTERPRISES LLP,15 Mar 2017,1284.5,134616711.0,500325.0,P,RELIANCE
DEVARSHI COMMERCIALS LLP,09 Mar 2017,1284.13,355400105.0,500325.0,P,RELIANCE
TARAN ENTERPRISES LLP,09 Mar 2017,1284.12,106372969.0,500325.0,S,RELIANCE
ABHAYAPRADA ENTERPRISES LLP,09 Mar 2017,1284.62,124514068.0,500325.0,S,RELIANCE
TRILOKESH COMMERCIALS LLP,09 Mar 2017,1283.63,124513068.0,500325.0,S,RELIANCE
ADISESH ENTERPRISES LLP,09 Mar 2017,1283.25,40685783.0,500325.0,S,RELIANCE
TATTVAM ENTERPRISES LLP,09 Mar 2017,1283.25,40685783.0,500325.0,P,RELIANCE
