CLIENT_NAME,DEAL_DATE,PRICE,QUANTITY,SCRIP_CODE,TRANSACTION_TYPE,scripname
MUKESH DHIRUBHAI AMBANI,27 Mar 2020,1077.0,268308.0,500325.0,P,RELIANCE
NITA MUKESH AMBANI,27 Mar 2020,1077.0,703708.0,500325.0,P,RELIANCE
ISHA M AMBANI,27 Mar 2020,1077.0,771220.0,500325.0,P,RELIANCE
AKASH M AMBANI,27 Mar 2020,1077.0,773620.0,500325.0,P,RELIANCE
ANANT MUKESH AMBANI,27 Mar 2020,1056.0,7300000.0,500325.0,P,RELIANCE
TATTVAM ENTERPRISES LLP,27 Mar 2020,1056.0,38367693.0,500325.0,P,RELIANCE
TATTVAM ENTERPRISES LLP,27 Mar 2020,1056.0,38367695.0,500325.0,P,RELIANCE
DEVARSHI COMMERCIALS LLP,27 Mar 2020,1077.0,268308.0,500325.0,S,RELIANCE
DEVARSHI COMMERCIALS LLP,27 Mar 2020,1077.0,703708.0,500325.0,S,RELIANCE
DEVARSHI COMMERCIALS LLP,27 Mar 2020,1077.0,771220.0,500325.0,S,RELIANCE
DEVARSHI COMMERCIALS LLP,27 Mar 2020,1077.0,773620.0,500325.0,S,RELIANCE
DEVARSHI COMMERCIALS LLP,27 Mar 2020,1056.0,7300000.0,500325.0,S,RELIANCE
DEVARSHI COMMERCIALS LLP,27 Mar 2020,1056.0,38367693.0,500325.0,S,RELIANCE
DEVARSHI COMMERCIALS LLP,27 Mar 2020,1056.0,38367695.0,500325.0,S,RELIANCE
DEVARSHI COMMERCIALS LLP,25 Mar 2020,950.0,58040583.0,500325.0,S,RELIANCE
DEVARSHI COMMERCIALS LLP,25 Mar 2020,949.0,58040587.0,500325.0,S,RELIANCE
SAMARJIT ENTERPRISES LLP,25 Mar 2020,949.0,58040587.0,500325.0,P,RELIANCE
SAMARJIT ENTERPRISES LLP,25 Mar 2020,950.0,58040583.0,500325.0,P,RELIANCE
MERRILL LYNCH MARKETS SINGAPORE PTE. LTD.,27 Oct 2017,948.0,3553858.0,500325.0,P,RELIANCE
MERRILL LYNCH CAPITAL MARKETS ESPANA SA SV,27 Oct 2017,948.0,3553858.0,500325.0,S,RELIANCE
TATTVAM ENTERPRISES LLP,20 Mar 2017,1295.75,40413210.0,500325.0,P,RELIANCE
RISHIKESH ENTERPRISES LLP,20 Mar 2017,1293.75,60409318.0,500325.0,S,RELIANCE
PITAMBAR ENTERPRISES LLP,20 Mar 2017,1295.25,51423690.0,500325.0,S,RELIANCE
PITAMBAR ENTERPRISES LLP,20 Mar 2017,1295.5,53476280.0,500325.0,S,RELIANCE
ADISESH ENTERPRISES LLP,20 Mar 2017,1295.75,40413210.0,500325.0,S,RELIANCE
KANKHAL TRADING LLP,20 Mar 2017,1294.0,48012749.0,500325.0,S,RELIANCE
KANKHAL TRADING LLP,20 Mar 2017,1294.25,47630850.0,500325.0,S,RELIANCE
KANKHAL TRADING LLP,20 Mar 2017,1294.5,47821350.0,500325.0,S,RELIANCE
SRICHAKRA COMMERCIALS LLP,20 Mar 2017,1294.75,18236850.0,500325.0,P,RELIANCE
SRICHAKRA COMMERCIALS LLP,20 Mar 2017,1295.0,17436450.0,500325.0,P,RELIANCE
SRICHAKRA COMMERCIALS LLP,20 Mar 2017,1295.25,51423690.0,500325.0,P,RELIANCE
SRICHAKRA COMMERCIALS LLP,20 Mar 2017,1295.5,53476280.0,500325.0,P,RELIANCE
SRICHAKRA COMMERCIALS LLP,20 Mar 2017,1293.75,60409318.0,500325.0,P,RELIANCE
SRICHAKRA COMMERCIALS LLP,20 Mar 2017,1294.0,48012749.0,500325.0,P,RELIANCE
SRICHAKRA COMMERCIALS LLP,20 Mar 2017,1294.25,47630850.0,500325.0,P,RELIANCE
SRICHAKRA COMMERCIALS LLP,20 Mar 2017,1294.5,47821350.0,500325.0,P,RELIANCE
NARAHARI ENTERPRISES LLP,20 Mar 2017,1293.25,616740.0,500325.0,S,RELIANCE
VASUPRADA ENTERPRISES LLP,20 Mar 2017,1293.25,616740.0,500325.0,P,RELIANCE
SVAR ENTERPRISES LLP,20 Mar 2017,1293.5,6369916.0,500325.0,P,RELIANCE
KAMALAKAR ENTERPRISES LLP,20 Mar 2017,1293.5,6369916.0,500325.0,S,RELIANCE
PAVANA ENTERPRISES LLP,20 Mar 2017,1294.75,18236850.0,500325.0,S,RELIANCE
PAVANA ENTERPRISES LLP,20 Mar 2017,1295.0,17436450.0,500325.0,S,RELIANCE
TATTVAM ENTERPRISES LLP,15 Mar 2017,1284.25,43416908.0,500325.0,P,RELIANCE
TATTVAM ENTERPRISES LLP,15 Mar 2017,1284.5,46123478.0,500325.0,P,RELIANCE
TATTVAM ENTERPRISES LLP,15 Mar 2017,1284.75,45076325.0,500325.0,P,RELIANCE
BADRI COMMERCIALS LLP,15 Mar 2017,1283.25,62509510.0,500325.0,S,RELIANCE
BADRI COMMERCIALS LLP,15 Mar 2017,1283.5,64532189.0,500325.0,S,RELIANCE
BHUVANESH ENTERPRISES LLP,15 Mar 2017,1284.25,43416908.0,500325.0,S,RELIANCE
BHUVANESH ENTERPRISES LLP,15 Mar 2017,1284.5,46123478.0,500325.0,S,RELIANCE
BHUVANESH ENTERPRISES LLP,15 Mar 2017,1284.75,45076325.0,500325.0,S,RELIANCE
AJITESH ENTERPRISES LLP,15 Mar 2017,1283.75,63825420.0,500325.0,S,RELIANCE
AJITESH ENTERPRISES LLP,15 Mar 2017,1284.0,63216279.0,500325.0,S,RELIANCE
KARUNA COMMERCIALS LLP,15 Mar 2017,1283.25,62509510.0,500325.0,P,RELIANCE
KARUNA COMMERCIALS LLP,15 Mar 2017,1283.5,64532189.0,500325.0,P,RELIANCE
KARUNA COMMERCIALS LLP,15 Mar 2017,1283.75,63825420.0,500325.0,P,RELIANCE
KARUNA COMMERCIALS LLP,15 Mar 2017,1284.0,63216279.0,500325.0,P,RELIANCE
TATTVAM ENTERPRISES LLP,09 Mar 2017,1283.25,40685783.0,500325.0,P,RELIANCE
ADISESH ENTERPRISES LLP,09 Mar 2017,1283.25,40685783.0,500325.0,S,RELIANCE
TRILOKESH COMMERCIALS LLP,09 Mar 2017,1283.75,63149850.0,500325.0,S,RELIANCE
TRILOKESH COMMERCIALS LLP,09 Mar 2017,1283.5,61363218.0,500325.0,S,RELIANCE
ABHAYAPRADA ENTERPRISES LLP,09 Mar 2017,1284.5,62364718.0,500325.0,S,RELIANCE
ABHAYAPRADA ENTERPRISES LLP,09 Mar 2017,1284.75,62149350.0,500325.0,S,RELIANCE
TARAN ENTERPRISES LLP,09 Mar 2017,1284.25,53086450.0,500325.0,S,RELIANCE
TARAN ENTERPRISES LLP,09 Mar 2017,1284.0,53286519.0,500325.0,S,RELIANCE
DEVARSHI COMMERCIALS LLP,09 Mar 2017,1283.5,61363218.0,500325.0,P,RELIANCE
DEVARSHI COMMERCIALS LLP,09 Mar 2017,1283.75,63149850.0,500325.0,P,RELIANCE
DEVARSHI COMMERCIALS LLP,09 Mar 2017,1284.0,53286519.0,500325.0,P,RELIANCE
DEVARSHI COMMERCIALS LLP,09 Mar 2017,1284.25,53086450.0,500325.0,P,RELIANCE
DEVARSHI COMMERCIALS LLP,09 Mar 2017,1284.5,62364718.0,500325.0,P,RELIANCE
DEVARSHI COMMERCIALS LLP,09 Mar 2017,1284.75,62149350.0,500325.0,P,RELIANCE
HSBC GLOBAL INVESTMENT FUNDS INDIAN EQUITY,03 Oct 2016,1083.0,417166.0,500325.0,P,RELIANCE
HSBC GLOBAL INVESTMENT FU NDS MAURITIUS LTD,03 Oct 2016,1083.0,417166.0,500325.0,S,RELIANCE
HSBC GLOBAL INVESTMENT FUNDS INDIAN EQUITY,30 Aug 2016,1057.0,800000.0,500325.0,P,RELIANCE
HSBC GLOBAL INVESTMENT FU NDS MAURITIUS LTD,30 Aug 2016,1057.0,800000.0,500325.0,S,RELIANCE
HSBC GLOBAL INVESTMENT FUNDS INDIAN EQUITY,25 Jul 2016,1014.8,1260000.0,500325.0,P,RELIANCE
HSBC GLOBAL INVESTMENT FU NDS MAURITIUS LTD,25 Jul 2016,1014.8,1260000.0,500325.0,S,RELIANCE
THE ROYAL BANK OF SCOTLAND N.V.,11 Jun 2010,1029.0,319150.0,500325.0,P,RELIANCE
CITIGROUP GLOBAL MARKETS MAURITIUS PRIVATE  LIMITED,11 Jun 2010,1029.0,319150.0,500325.0,S,RELIANCE
CITIGROUP GLOBAL MARKETS MAURITIUS PVT.LTD. DR CONV. A/C,09 Jun 2010,1008.0,309000.0,500325.0,S,RELIANCE
ABN AMRO BANK NV,09 Jun 2010,1008.0,309000.0,500325.0,P,RELIANCE
CITIGROUP GLOBAL MARKETS MAURITIUS PRIVATE LIMITED,14 Jan 2010,1102.0,650907.0,500325.0,S,RELIANCE
SWISS FINANCE CORPORATION (MAURITIUS) LTD,14 Jan 2010,1102.0,650907.0,500325.0,P,RELIANCE
CREDIT SUISSE (SINGAPORE) LIMITED A/C CREDIT SUISSE (SINGAPO,13 Jan 2010,1086.0,651105.0,500325.0,P,RELIANCE
CITIGROUP GLOBAL MARKETS MAURITIUS PRIVATE LIMITED,13 Jan 2010,1086.0,651105.0,500325.0,S,RELIANCE
MERRILL LYNCH INVESTMENT MANGRES LTD.,22 Feb 2007,1410.0,78000.0,500325.0,P,RELIANCE
MERRILL LYNCH INVESTMENT MANAGERS LTD.,22 Feb 2007,1410.0,78000.0,500325.0,S,RELIANCE
BARCLAYS CAPITAL MAURITIUS LTD,31 Jan 2007,1381.8,432100.0,500325.0,S,RELIANCE
DSP MERRILL LYNCH CAPITAL MARKET ESPANA,31 Jan 2007,1381.8,432100.0,500325.0,P,RELIANCE
FIERY INVESTMENTS AND LEASING PRIVATE LTD,31 Mar 2006,791.1,11074480.0,500325.0,S,RELIANCE
MADHUBAN MERCHANDISE PRIVATE LTD,31 Mar 2006,791.05,16150000.0,500325.0,S,RELIANCE
SAUMYA FINANCE AND LEASING COMPAY PRIVATE LTD,31 Mar 2006,791.15,8853355.0,500325.0,S,RELIANCE
SWARAG TRADERS PRIVATE LTD,31 Mar 2006,791.35,1901364.0,500325.0,S,RELIANCE
SANATAN TEXTRADE PRIVATE LTD,31 Mar 2006,791.1,11074480.0,500325.0,P,RELIANCE
TRESTA TRADING PRIVATE LTD,31 Mar 2006,791.15,8853355.0,500325.0,P,RELIANCE
TRESTA TRADING PRIVATE LTD,31 Mar 2006,791.05,16150000.0,500325.0,P,RELIANCE
TRESTA TRADING PRIVATE LTD,31 Mar 2006,791.35,1901364.0,500325.0,P,RELIANCE
TRESTA TRADING PVT. LTD.,31 Mar 2006,796.85,1793560.0,500325.0,P,RELIANCE
RADHA RAMAN TEXTILE TRADERS PVT LTD,31 Mar 2006,796.85,1793560.0,500325.0,S,RELIANCE
ANUMATI MERCANTILE PRIVATE LTD,30 Mar 2006,800.95,7918091.0,500325.0,P,RELIANCE
SANCHAYITA MERCANTILE PRIVATE LTD,30 Mar 2006,800.95,7918091.0,500325.0,S,RELIANCE
ANUMATI MERCANTILE PRIVATE LTD,28 Mar 2006,794.05,10000000.0,500325.0,P,RELIANCE
ANUMATI MERCANTILE PRIVATE LTD,28 Mar 2006,795.05,1566988.0,500325.0,P,RELIANCE
ANUMATI MERCANTILE PRIVATE LTD,28 Mar 2006,796.05,2495328.0,500325.0,P,RELIANCE
RELIANCE CHEMICALS PRIVATE LTD,28 Mar 2006,797.55,2000000.0,500325.0,S,RELIANCE
RELIANCE POLYOLEFINS PRIVATE LTD,28 Mar 2006,797.45,1529090.0,500325.0,P,RELIANCE
RELIANCE POLYOLEFINS PRIVATE LTD,28 Mar 2006,797.55,2000000.0,500325.0,P,RELIANCE
RELIANCE AROMATICS AND PETROCHEMICALS PRIVATE LTD,28 Mar 2006,797.45,1529090.0,500325.0,S,RELIANCE
SILVASSA HYDROCARBONS AND INVESTMENTS PRIVATE LTD,28 Mar 2006,796.05,2495328.0,500325.0,S,RELIANCE
YANGSTE TRADING PRIVATE LTD,28 Mar 2006,794.95,10000000.0,500325.0,S,RELIANCE
YANGSTE TRADING PRIVATE LTD,28 Mar 2006,795.05,1566988.0,500325.0,S,RELIANCE
BAHAR TRADING PRIVATE LTD,27 Mar 2006,788.95,15616580.0,500325.0,P,RELIANCE
BAHAR TRADING PRIVATE LTD,27 Mar 2006,788.75,417329.0,500325.0,P,RELIANCE
FLORENTINE TRADING PRIVATE LTD,27 Mar 2006,788.75,417329.0,500325.0,S,RELIANCE
VELOCITY TRADING PRIVATE LTD,27 Mar 2006,788.95,15616580.0,500325.0,S,RELIANCE
RELIANCE CHEMICALS PVT. LTD.,23 Mar 2006,783.4,100000.0,500325.0,P,RELIANCE
RELIANCE ENERGY AND PROJECT DEVELOPMENT PVT. LTD.,23 Mar 2006,783.4,100000.0,500325.0,S,RELIANCE
AKSHYA TEXTILES TRADING AND AGENCIES PVT LTD,30 Dec 2005,897.25,532746.0,500325.0,S,RELIANCE
SHITAL TEXTURISING PVT LTD,30 Dec 2005,899.5,857408.0,500325.0,S,RELIANCE
CHIKKI FERTILISERS TRD AND AGENCIES PVT LTD,30 Dec 2005,896.55,599663.0,500325.0,S,RELIANCE
RHINO BAGS PRIVATE LIMITED,30 Dec 2005,899.0,1237362.0,500325.0,S,RELIANCE
CAPABLE COMMERCIALS PVT LTD,30 Dec 2005,896.55,1096687.0,500325.0,S,RELIANCE
ORNATE TRADERS PRIVATE LIMITED,30 Dec 2005,897.92,4323866.0,500325.0,P,RELIANCE
EKLAVYA MERCANTILE PRIVATE LTD,30 Dec 2005,899.25,230663.0,500325.0,P,RELIANCE
EKLAVYA MERCANTILE PRIVATE LTD,30 Dec 2005,899.1,1379109.0,500325.0,P,RELIANCE
EKLAVYA MERCANTILE PRIVATE LTD,30 Dec 2005,899.75,956454.0,500325.0,P,RELIANCE
EKLAVYA MERCANTILE PRIVATE LTD,30 Dec 2005,899.6,1087240.0,500325.0,P,RELIANCE
EKLAVYA MERCANTILE PRIVATE LTD,30 Dec 2005,899.15,1067353.0,500325.0,P,RELIANCE
JAGDISHVAR INVESTMENTS ANDTRADING PRIVATE LTD,30 Dec 2005,899.15,1067353.0,500325.0,S,RELIANCE
JAGADANAND INVESTMENTS ANDTRADING COMPANY PRIVATE LTD,30 Dec 2005,899.75,956454.0,500325.0,S,RELIANCE
REVLON TRADING COMPANY PRIVATE LTD,30 Dec 2005,899.1,1379109.0,500325.0,S,RELIANCE
RELIANCE EXPORTS PRIVATE LTD,30 Dec 2005,899.6,1087240.0,500325.0,S,RELIANCE
TEJASVI TRADING COMPANY PRIVATE LTD,30 Dec 2005,899.25,230663.0,500325.0,S,RELIANCE
ESTEEM TEXTILES TRADING PVT LTD,14 Dec 2005,872.05,1523641.0,500325.0,S,RELIANCE
EKANSHA ENTERPRISE PVT LTD,14 Dec 2005,872.05,1523641.0,500325.0,P,RELIANCE
AVADA TRADING CO. PVT LTD,14 Dec 2005,869.85,1647675.0,500325.0,S,RELIANCE
EKLAVYA MERCANTILE PRIVATE LTD,14 Dec 2005,869.85,1647675.0,500325.0,P,RELIANCE
DEEP MERCANTILE PVT LTD,13 Dec 2005,863.55,1609063.0,500325.0,S,RELIANCE
EKANSHA ENTERPRISE PVT LTD,13 Dec 2005,863.55,1609063.0,500325.0,P,RELIANCE
ANTARIKSH COMMERCIALS PRIVATE LTD,13 Dec 2005,862.65,1127063.0,500325.0,S,RELIANCE
EKLAVYA MERCANTILE PRIVATE LTD,13 Dec 2005,862.85,1420063.0,500325.0,P,RELIANCE
EKLAVYA MERCANTILE PRIVATE LTD,13 Dec 2005,862.65,1127063.0,500325.0,P,RELIANCE
EKLAVYA MERCANTILE PRIVATE LTD,13 Dec 2005,862.85,500000.0,500325.0,P,RELIANCE
GAIETY MERCANTILE PRIVATE LTD,13 Dec 2005,862.85,1420063.0,500325.0,S,RELIANCE
GAIETY MERCANTILE PRIVATE LTD,13 Dec 2005,862.85,500000.0,500325.0,S,RELIANCE
KALPAVRIKSHA TRADING PVT LTD,12 Dec 2005,868.25,1610663.0,500325.0,S,RELIANCE
RANJANA TRADERS PVT LTD,12 Dec 2005,867.9,1168865.0,500325.0,S,RELIANCE
EKANSHA ENTERPRISE PVT LTD,12 Dec 2005,868.1,2779528.0,500325.0,P,RELIANCE
DEVPRIYA MERCANTILE PRIVATE LTD,12 Dec 2005,868.15,1772063.0,500325.0,S,RELIANCE
EKLAVYA MERCANTILE PRIVATE LTD,12 Dec 2005,868.15,1772063.0,500325.0,P,RELIANCE
CHITANYA COMMERCIALS PVT LTD,09 Dec 2005,853.35,1930063.0,500325.0,S,RELIANCE
EKANSHA ENTERPRISE PVT LTD,09 Dec 2005,853.35,1930063.0,500325.0,P,RELIANCE
EKLAVYA MERCANTILE PRIVATE LTD,09 Dec 2005,853.35,1759863.0,500325.0,P,RELIANCE
SWARNA TRADING PRIVATE LTD,09 Dec 2005,853.35,1759863.0,500325.0,S,RELIANCE
PANCHTIRTH TRADING PVT LTD,08 Dec 2005,844.15,807063.0,500325.0,S,RELIANCE
EKANSHA ENTERPRISE PVT LTD,08 Dec 2005,844.15,807063.0,500325.0,P,RELIANCE
CHARISHMA INVESTMENTS PRIVATE LTD,08 Dec 2005,847.45,807002.0,500325.0,S,RELIANCE
EKLAVYA MERCANTILE PRIVATE LTD,08 Dec 2005,847.45,807002.0,500325.0,P,RELIANCE
EKLAVYA MERCANTILE PRIVATE LTD,08 Dec 2005,847.85,1200000.0,500325.0,P,RELIANCE
SPARK TRADECOM PRIVATE LTD,08 Dec 2005,847.85,1200000.0,500325.0,S,RELIANCE
NEELAM MERCANTILE PVT LTD,05 Dec 2005,847.55,60063.0,500325.0,S,RELIANCE
EKANSHA ENTERPRISES PVT LTD,05 Dec 2005,847.55,60063.0,500325.0,P,RELIANCE
EKLAVYA MERCANTILE PRIVATE LTD,05 Dec 2005,846.65,80063.0,500325.0,P,RELIANCE
SPARK TRADECOM PRIVATE LTD,05 Dec 2005,846.65,80063.0,500325.0,S,RELIANCE
BHUMIKA TRADING PVT LTD,05 Dec 2005,847.0,67063.0,500325.0,P,RELIANCE
PLATINUM COMMERCIALS PVT LTD,05 Dec 2005,847.0,67063.0,500325.0,S,RELIANCE
