{"CLIENT_NAME":{"0":"TATTVAM ENTERPRISES LLP","1":"DEVARSHI COMMERCIALS LLP","2":"SAMARJIT ENTERPRISES LLP","3":"DEVARSHI COMMERCIALS LLP","4":"SRICHAKRA COMMERCIALS LLP","5":"KANKHAL TRADING LLP","6":"ADISESH ENTERPRISES LLP","7":"PITAMBAR ENTERPRISES LLP","8":"RISHIKESH ENTERPRISES LLP","9":"TATTVAM ENTERPRISES LLP","10":"PAVANA ENTERPRISES LLP","11":"KARUNA COMMERCIALS LLP","12":"AJITESH ENTERPRISES LLP","13":"BHUVANESH ENTERPRISES LLP","14":"BADRI COMMERCIALS LLP","15":"TATTVAM ENTERPRISES LLP","16":"DEVARSHI COMMERCIALS LLP","17":"TARAN ENTERPRISES LLP","18":"ABHAYAPRADA ENTERPRISES LLP","19":"TRILOKESH COMMERCIALS LLP","20":"ADISESH ENTERPRISES LLP","21":"TATTVAM ENTERPRISES LLP"},"DEAL_DATE":{"0":"27 Mar 2020","1":"27 Mar 2020","2":"25 Mar 2020","3":"25 Mar 2020","4":"20 Mar 2017","5":"20 Mar 2017","6":"20 Mar 2017","7":"20 Mar 2017","8":"20 Mar 2017","9":"20 Mar 2017","10":"20 Mar 2017","11":"15 Mar 2017","12":"15 Mar 2017","13":"15 Mar 2017","14":"15 Mar 2017","15":"15 Mar 2017","16":"09 Mar 2017","17":"09 Mar 2017","18":"09 Mar 2017","19":"09 Mar 2017","20":"09 Mar 2017","21":"09 Mar 2017"},"PRICE":{"0":1056.0,"1":1056.61,"2":949.5,"3":949.5,"4":1294.57,"5":1294.25,"6":1295.75,"7":1295.38,"8":1293.75,"9":1295.75,"10":1294.87,"11":1283.63,"12":1283.87,"13":1284.5,"14":1283.38,"15":1284.5,"16":1284.13,"17":1284.12,"18":1284.62,"19":1283.63,"20":1283.25,"21":1283.25},"QUANTITY":{"0":76735388.0,"1":86552244.0,"2":116081170.0,"3":116081170.0,"4":344447537.0,"5":143464949.0,"6":40413210.0,"7":104899970.0,"8":60409318.0,"9":40413210.0,"10":35673300.0,"11":254083398.0,"12":127041699.0,"13":134616711.0,"14":127041699.0,"15":134616711.0,"16":355400105.0,"17":106372969.0,"18":124514068.0,"19":124513068.0,"20":40685783.0,"21":40685783.0},"SCRIP_CODE":{"0":500325.0,"1":500325.0,"2":500325.0,"3":500325.0,"4":500325.0,"5":500325.0,"6":500325.0,"7":500325.0,"8":500325.0,"9":500325.0,"10":500325.0,"11":500325.0,"12":500325.0,"13":500325.0,"14":500325.0,"15":500325.0,"16":500325.0,"17":500325.0,"18":500325.0,"19":500325.0,"20":500325.0,"21":500325.0},"TRANSACTION_TYPE":{"0":"P","1":"S","2":"P","3":"S","4":"P","5":"S","6":"S","7":"S","8":"S","9":"P","10":"S","11":"P","12":"S","13":"S","14":"S","15":"P","16":"P","17":"S","18":"S","19":"S","20":"S","21":"P"},"scripname":{"0":"RELIANCE","1":"RELIANCE","2":"RELIANCE","3":"RELIANCE","4":"RELIANCE","5":"RELIANCE","6":"RELIANCE","7":"RELIANCE","8":"RELIANCE","9":"RELIANCE","10":"RELIANCE","11":"RELIANCE","12":"RELIANCE","13":"RELIANCE","14":"RELIANCE","15":"RELIANCE","16":"RELIANCE","17":"RELIANCE","18":"RELIANCE","19":"RELIANCE","20":"RELIANCE","21":"RELIANCE"}}