{"LONG_NAME":{"0":"Reliance Industries Ltd","1":"Reliance Industries Ltd","2":"Reliance Industries Ltd","3":"Reliance Industries Ltd","4":"Reliance Industries Ltd","5":"Reliance Industries Ltd","6":"Reliance Industries Ltd","7":"Reliance Industries Ltd","8":"Reliance Industries Ltd","9":"Reliance Industries Ltd"},"Purpose_name":{"0":"Dividend","1":"General","2":"Results","3":"Rights","4":"General","5":"Results","6":"Results","7":"Results","8":"Dividend","9":"General"},"Short_name":{"0":"RELIANCE","1":"RELIANCE","2":"RELIANCE","3":"RELIANCE","4":"RELIANCE","5":"RELIANCE","6":"RELIANCE","7":"RELIANCE","8":"RELIANCE","9":"RELIANCE"},"meeting_date":{"0":"30 Apr 2020","1":"30 Apr 2020","2":"30 Apr 2020","3":"30 Apr 2020","4":"02 Apr 2020","5":"17 Jan 2020","6":"18 Oct 2019","7":"19 Jul 2019","8":"18 Apr 2019","9":"18 Apr 2019"},"scrip_code":{"0":500325.0,"1":500325.0,"2":500325.0,"3":500325.0,"4":500325.0,"5":500325.0,"6":500325.0,"7":500325.0,"8":500325.0,"9":500325.0},"tm":{"0":"2020-04-30T00:00:00","1":"2020-04-30T00:00:00","2":"2020-04-30T00:00:00","3":"2020-04-30T00:00:00","4":"2020-04-02T00:00:00","5":"2020-01-17T00:00:00","6":"2019-10-18T00:00:00","7":"2019-07-19T00:00:00","8":"2019-04-18T00:00:00","9":"2019-04-18T00:00:00"}}