{"CompanyName":{"0":"RELIANCE INDUSTRIES LTD.(500325)"},"FLAg_Pledge":{"0":"N"},"F_NewCol":{"0":0.51},"Fld_EndDate":{"0":null},"Fld_QuarterId":{"0":105.0},"NoofShares_TOTAL_PROMOTER_HOLDING":{"0":3098084968.0},"Noofsharespledged":{"0":16106672.0},"PROMOTEREncum_NoOfshares":{"0":0.0},"PROMOTEREncum_Percof_PromoterShares":{"0":0.0},"PROMOTEREncum_Percof_TotalShares":{"0":0.0},"Percentage_TOTAL_PROMOTER_HOLDING":{"0":50.07},"Public_NoofShares_HOLDING":{"0":3089818346.0},"SHP_PulishedTime":{"0":"2020-05-14T07:34:35"},"SRNO":{"0":1.0},"ScripCode":{"0":500325.0},"TOTAL_NO_OF_ISSUED_SHARES":{"0":6187903314.0},"TotalNoofShares":{"0":3176746094.0},"dDateEnd":{"0":null},"sQtrName":{"0":null}}