{"Amount":{"0":6.5,"1":6.0,"2":11.0,"3":10.5,"4":10.0,"5":9.5,"6":9.0,"7":8.5,"8":8.0,"9":7.0,"10":13.0,"11":13.0,"12":4.25},"BCRD_from":{"0":"02 Aug 2019","1":"27 Jun 2018","2":"13 Jul 2017","3":"17 Mar 2016","4":"08 May 2015","5":"16 May 2014","6":"10 May 2013","7":"31 May 2012","8":"05 May 2011","9":"10 May 2010","10":"16 Oct 2009","11":"08 May 2008","12":"26 Apr 2001"},"purpose_name":{"0":"Final Dividend","1":"Dividend","2":"Dividend","3":"Interim Dividend","4":"Dividend","5":"Dividend","6":"Dividend","7":"Dividend","8":"Dividend","9":"Dividend","10":"Dividend","11":"Dividend","12":"Dividend"}}