{"Change":{"0":null,"1":null,"2":null,"3":null,"4":null,"5":null,"6":null,"7":null,"8":null,"9":null,"10":null,"11":null,"12":null,"13":null,"14":null,"15":null,"16":null,"17":null,"18":null,"19":null,"20":null,"21":null,"22":null,"23":null,"24":null,"25":null,"26":null,"27":null,"28":null,"29":null},"Dt_tm":{"0":null,"1":null,"2":null,"3":null,"4":null,"5":null,"6":null,"7":null,"8":null,"9":null,"10":null,"11":null,"12":null,"13":null,"14":null,"15":null,"16":null,"17":null,"18":null,"19":null,"20":null,"21":null,"22":null,"23":null,"24":null,"25":null,"26":null,"27":null,"28":null,"29":null},"HighRate":{"0":null,"1":null,"2":null,"3":null,"4":null,"5":null,"6":null,"7":null,"8":null,"9":null,"10":null,"11":null,"12":null,"13":null,"14":null,"15":null,"16":null,"17":null,"18":null,"19":null,"20":null,"21":null,"22":null,"23":null,"24":null,"25":null,"26":null,"27":null,"28":null,"29":null},"ISIN_NUMBER":{"0":"INE110L08011","1":"INE110L08029","2":"INE110L08060","3":"INE002A08484","4":"INE002A08492","5":"INE110L07096","6":"INE110L07104","7":"INE110L07120","8":"INE002A08534","9":"INE002A08542","10":"INE002A08583","11":"INE002A08575","12":"INE002A08591","13":"INE002A08617","14":"INE002A08625","15":"INE002A08641","16":"INE002A07775","17":"INE002A08518","18":"INE110L07088","19":"INE110L07112","20":"INE002A08633","21":"INE110L07047","22":"INE002A08500","23":"INE002A08526","24":"INE002A08658","25":"INE110L08037","26":"INE110L07070","27":"INE002A08476","28":"INE002A08567","29":"INE002A08609"},"Instrument":{"0":"Debentures and Bonds","1":"Debentures and Bonds","2":"Debentures and Bonds","3":"Debentures and Bonds","4":"Debentures and Bonds","5":"Debentures and Bonds","6":"Debentures and Bonds","7":"Debentures and Bonds","8":"Debentures and Bonds","9":"Debentures and Bonds","10":"Debentures and Bonds","11":"Debentures and Bonds","12":"Debentures and Bonds","13":"Debentures and Bonds","14":"Debentures and Bonds","15":"Debentures and Bonds","16":"Debentures and Bonds","17":"Debentures and Bonds","18":"Debentures and Bonds","19":"Debentures and Bonds","20":"Debentures and Bonds","21":"Debentures and Bonds","22":"Debentures and Bonds","23":"Debentures and Bonds","24":"Debentures and Bonds","25":"Debentures and Bonds","26":"Debentures and Bonds","27":"Debentures and Bonds","28":"Debentures and Bonds","29":"Debentures and Bonds"},"LowRate":{"0":null,"1":null,"2":null,"3":null,"4":null,"5":null,"6":null,"7":null,"8":null,"9":null,"10":null,"11":null,"12":null,"13":null,"14":null,"15":null,"16":null,"17":null,"18":null,"19":null,"20":null,"21":null,"22":null,"23":null,"24":null,"25":null,"26":null,"27":null,"28":null,"29":null},"Ltradert":{"0":0.0,"1":0.0,"2":0.0,"3":0.0,"4":0.0,"5":0.0,"6":0.0,"7":0.0,"8":0.0,"9":0.0,"10":0.0,"11":0.0,"12":0.0,"13":0.0,"14":0.0,"15":0.0,"16":0.0,"17":0.0,"18":0.0,"19":0.0,"20":0.0,"21":0.0,"22":0.0,"23":0.0,"24":0.0,"25":0.0,"26":0.0,"27":0.0,"28":0.0,"29":0.0},"OpenRate":{"0":null,"1":null,"2":null,"3":null,"4":null,"5":null,"6":null,"7":null,"8":null,"9":null,"10":null,"11":null,"12":null,"13":null,"14":null,"15":null,"16":null,"17":null,"18":null,"19":null,"20":null,"21":null,"22":null,"23":null,"24":null,"25":null,"26":null,"27":null,"28":null,"29":null},"ScripName":{"0":"RIL-8.95%-15-09-20-PVT","1":"RIL-8.95%-4-10-2020-PVT","2":"RIL-9%-21-1-25-PVT","3":"RIL-6.78%-16-9-20-PVT","4":"RIL-6.80%-4-9-20-PVT","5":"RIL-8%-16-4-23-PVT","6":"RIL-7.97%-24-4-22-PVT","7":"RIL-8.70%-18-7-21-PVT","8":"RIL-9.05%-17-10-28-PVT","9":"RIL-8.95%-9-11-28-PVT","10":"RIL-8.70%-11-12-28-PVT","11":"RIL-8.30%-8-3-22-PVT","12":"RIL-RBI Repo Rate-17-4-23-PVT","13":"RIL-7.40%-25-4-25-PVT","14":"RIL-7.05%-13-9-23-PVT","15":"RIL-6.95%-15-3-23-PVT","16":"RIL07MAY10","17":"RIL-6.95%-14-12-20-PVT","18":"RIL-8%-9-4-23-PVT","19":"RIL-8.7%-15-6-21-PVT","20":"RIL-6.95%-12-5-23-PVT","21":"RIL-8.25%-30-10-25-PVT","22":"RIL-7.17%-8-11-22-PVT","23":"RIL-7.07%-24-12-20-PVT","24":"RIL-MIBOR-21-9-23-PVT","25":"RIL-9.25%-16-6-24-PVT","26":"RIL-8.32%-8-7-21-PVT","27":"RIL-7%-31-8-22-PVT","28":"RIL-8.65%-11-12-28-PVT","29":"RIL-7.20%-17-4-23-PVT"},"TURNOVER":{"0":null,"1":null,"2":null,"3":null,"4":null,"5":null,"6":null,"7":null,"8":null,"9":null,"10":null,"11":null,"12":null,"13":null,"14":null,"15":null,"16":null,"17":null,"18":null,"19":null,"20":null,"21":null,"22":null,"23":null,"24":null,"25":null,"26":null,"27":null,"28":null,"29":null},"VOLUME":{"0":null,"1":null,"2":null,"3":null,"4":null,"5":null,"6":null,"7":null,"8":null,"9":null,"10":null,"11":null,"12":null,"13":null,"14":null,"15":null,"16":null,"17":null,"18":null,"19":null,"20":null,"21":null,"22":null,"23":null,"24":null,"25":null,"26":null,"27":null,"28":null,"29":null},"YTM":{"0":null,"1":null,"2":null,"3":null,"4":null,"5":null,"6":null,"7":null,"8":null,"9":null,"10":null,"11":null,"12":null,"13":null,"14":null,"15":null,"16":null,"17":null,"18":null,"19":null,"20":null,"21":null,"22":null,"23":null,"24":null,"25":null,"26":null,"27":null,"28":null,"29":null},"change_percent":{"0":0.0,"1":0.0,"2":0.0,"3":0.0,"4":0.0,"5":0.0,"6":0.0,"7":0.0,"8":0.0,"9":0.0,"10":0.0,"11":0.0,"12":0.0,"13":0.0,"14":0.0,"15":0.0,"16":0.0,"17":0.0,"18":0.0,"19":0.0,"20":0.0,"21":0.0,"22":0.0,"23":0.0,"24":0.0,"25":0.0,"26":0.0,"27":0.0,"28":0.0,"29":0.0},"scrip_cd":{"0":946839.0,"1":946866.0,"2":951556.0,"3":956839.0,"4":956840.0,"5":957862.0,"6":957904.0,"7":958110.0,"8":958311.0,"9":958354.0,"10":958437.0,"11":958626.0,"12":959418.0,"13":959428.0,"14":959468.0,"15":959470.0,"16":946678.0,"17":957159.0,"18":957846.0,"19":957992.0,"20":959469.0,"21":952917.0,"22":957116.0,"23":957176.0,"24":959486.0,"25":950380.0,"26":954293.0,"27":956838.0,"28":958438.0,"29":959417.0}}