{"DT_TM":{"0":"Jul 19 2019 11:01PM","1":"Jun  7 2018  6:45PM","2":"Aug  1 2017 11:08AM","3":"Jun 26 2017  3:55PM","4":"Aug  4 2016  6:11PM","5":"May 15 2015  7:52PM","6":"Feb 23 2015  3:46PM","7":"Apr 18 2014  5:57PM","8":"Apr 16 2013  5:11PM","9":"Apr 20 2012  5:52PM","10":"Apr 25 2011  9:32AM","11":"May 18 2010  8:43AM","12":"Oct 16 2009  9:54AM","13":"Apr 22 2008 12:07PM","14":"Sep 11 2007  4:50PM","15":"Jun  1 2006  3:03PM","16":"Jul  8 2005  3:18PM"},"Industry_name":{"0":"Integrated Oil & Gas","1":"Integrated Oil & Gas","2":"Integrated Oil & Gas","3":"Integrated Oil & Gas","4":"Integrated Oil & Gas","5":"Integrated Oil & Gas","6":"Integrated Oil & Gas","7":"Integrated Oil & Gas","8":"Integrated Oil & Gas","9":"Integrated Oil & Gas","10":"Integrated Oil & Gas","11":"Integrated Oil & Gas","12":"Integrated Oil & Gas","13":"Integrated Oil & Gas","14":"Integrated Oil & Gas","15":"Integrated Oil & Gas","16":"Integrated Oil & Gas"},"Long_Name":{"0":"RELIANCE INDUSTRIES LTD.","1":"RELIANCE INDUSTRIES LTD.","2":"RELIANCE INDUSTRIES LTD.","3":"RELIANCE INDUSTRIES LTD.","4":"RELIANCE INDUSTRIES LTD.","5":"RELIANCE INDUSTRIES LTD.","6":"RELIANCE INDUSTRIES LTD.","7":"RELIANCE INDUSTRIES LTD.","8":"RELIANCE INDUSTRIES LTD.","9":"RELIANCE INDUSTRIES LTD.","10":"RELIANCE INDUSTRIES LTD.","11":"RELIANCE INDUSTRIES LTD.","12":"RELIANCE INDUSTRIES LTD.","13":"RELIANCE INDUSTRIES LTD.","14":"RELIANCE INDUSTRIES LTD.","15":"RELIANCE INDUSTRIES LTD.","16":"RELIANCE INDUSTRIES LTD."},"MEETING_DATE":{"0":"12 Aug 2019","1":"05 Jul 2018","2":"02 Sep 2017","3":"21 Jul 2017","4":"01 Sep 2016","5":"12 Jun 2015","6":"28 Mar 2015","7":"18 Jun 2014","8":"06 Jun 2013","9":"07 Jun 2012","10":"03 Jun 2011","11":"18 Jun 2010","12":"17 Nov 2009","13":"12 Jun 2008","14":"12 Oct 2007","15":"27 Jun 2006","16":"03 Aug 2005"},"PURPOSE_NAME":{"0":"A.G.M.","1":"A.G.M.","2":"Postal Ballot","3":"A.G.M.","4":"A.G.M.","5":"A.G.M.","6":"Postal Ballot","7":"A.G.M.","8":"A.G.M.","9":"A.G.M.","10":"A.G.M.","11":"A.G.M.","12":"A.G.M.","13":"A.G.M.","14":"A.G.M.","15":"A.G.M.","16":"A.G.M."},"Short_name":{"0":"RELIANCE","1":"RELIANCE","2":"RELIANCE","3":"RELIANCE","4":"RELIANCE","5":"RELIANCE","6":"RELIANCE","7":"RELIANCE","8":"RELIANCE","9":"RELIANCE","10":"RELIANCE","11":"RELIANCE","12":"RELIANCE","13":"RELIANCE","14":"RELIANCE","15":"RELIANCE","16":"RELIANCE"},"URL":{"0":"https:\/\/www.bseindia.com\/stock-share-price\/reliance-industries-ltd\/reliance\/500325\/","1":"https:\/\/www.bseindia.com\/stock-share-price\/reliance-industries-ltd\/reliance\/500325\/","2":"https:\/\/www.bseindia.com\/stock-share-price\/reliance-industries-ltd\/reliance\/500325\/","3":"https:\/\/www.bseindia.com\/stock-share-price\/reliance-industries-ltd\/reliance\/500325\/","4":"https:\/\/www.bseindia.com\/stock-share-price\/reliance-industries-ltd\/reliance\/500325\/","5":"https:\/\/www.bseindia.com\/stock-share-price\/reliance-industries-ltd\/reliance\/500325\/","6":"https:\/\/www.bseindia.com\/stock-share-price\/reliance-industries-ltd\/reliance\/500325\/","7":"https:\/\/www.bseindia.com\/stock-share-price\/reliance-industries-ltd\/reliance\/500325\/","8":"https:\/\/www.bseindia.com\/stock-share-price\/reliance-industries-ltd\/reliance\/500325\/","9":"https:\/\/www.bseindia.com\/stock-share-price\/reliance-industries-ltd\/reliance\/500325\/","10":"https:\/\/www.bseindia.com\/stock-share-price\/reliance-industries-ltd\/reliance\/500325\/","11":"https:\/\/www.bseindia.com\/stock-share-price\/reliance-industries-ltd\/reliance\/500325\/","12":"https:\/\/www.bseindia.com\/stock-share-price\/reliance-industries-ltd\/reliance\/500325\/","13":"https:\/\/www.bseindia.com\/stock-share-price\/reliance-industries-ltd\/reliance\/500325\/","14":"https:\/\/www.bseindia.com\/stock-share-price\/reliance-industries-ltd\/reliance\/500325\/","15":"https:\/\/www.bseindia.com\/stock-share-price\/reliance-industries-ltd\/reliance\/500325\/","16":"https:\/\/www.bseindia.com\/stock-share-price\/reliance-industries-ltd\/reliance\/500325\/"},"scrip_code":{"0":500325.0,"1":500325.0,"2":500325.0,"3":500325.0,"4":500325.0,"5":500325.0,"6":500325.0,"7":500325.0,"8":500325.0,"9":500325.0,"10":500325.0,"11":500325.0,"12":500325.0,"13":500325.0,"14":500325.0,"15":500325.0,"16":500325.0}}