{"Bst_S_rate":{"0":null,"1":null,"2":null,"3":null,"4":null,"5":null,"6":null,"7":null,"8":null,"9":null,"10":null,"11":null,"12":null,"13":null,"14":null,"15":null,"16":null,"17":null,"18":null,"19":null,"20":null,"21":null,"22":null,"23":null,"24":null,"25":null,"26":null,"27":null,"28":null,"29":null,"30":null,"31":null,"32":null,"33":null,"34":null,"35":null,"36":null,"37":null,"38":null,"39":null,"40":null,"41":null,"42":null,"43":null,"44":null,"45":null,"46":null,"47":null,"48":null,"49":null,"50":null,"51":null,"52":null,"53":null,"54":null,"55":null,"56":null,"57":null,"58":null,"59":null,"60":null,"61":null,"62":null,"63":null,"64":null,"65":null,"66":null,"67":null,"68":null,"69":null,"70":null,"71":null,"72":null,"73":null,"74":null,"75":null},"Bst_b_rate":{"0":null,"1":null,"2":null,"3":null,"4":null,"5":null,"6":null,"7":null,"8":null,"9":null,"10":null,"11":null,"12":null,"13":null,"14":null,"15":null,"16":null,"17":null,"18":null,"19":null,"20":null,"21":null,"22":null,"23":null,"24":null,"25":null,"26":null,"27":null,"28":null,"29":null,"30":null,"31":null,"32":null,"33":null,"34":null,"35":null,"36":null,"37":null,"38":null,"39":null,"40":null,"41":null,"42":null,"43":null,"44":null,"45":null,"46":null,"47":null,"48":null,"49":null,"50":null,"51":null,"52":null,"53":null,"54":null,"55":null,"56":null,"57":null,"58":null,"59":null,"60":null,"61":null,"62":null,"63":null,"64":null,"65":null,"66":null,"67":null,"68":null,"69":null,"70":null,"71":null,"72":null,"73":null,"74":null,"75":null},"Dt_tm":{"0":null,"1":null,"2":null,"3":null,"4":"2016-11-03T16:25:01.507","5":null,"6":null,"7":"2016-11-18T16:10:02.25","8":null,"9":null,"10":null,"11":null,"12":null,"13":null,"14":null,"15":null,"16":null,"17":null,"18":null,"19":null,"20":null,"21":null,"22":null,"23":null,"24":null,"25":null,"26":null,"27":null,"28":null,"29":null,"30":null,"31":null,"32":null,"33":"2017-06-27T16:25:02.03","34":null,"35":null,"36":null,"37":null,"38":null,"39":null,"40":null,"41":null,"42":null,"43":null,"44":null,"45":null,"46":null,"47":null,"48":null,"49":null,"50":null,"51":null,"52":null,"53":null,"54":null,"55":null,"56":null,"57":null,"58":null,"59":null,"60":null,"61":null,"62":null,"63":null,"64":null,"65":null,"66":null,"67":null,"68":null,"69":null,"70":null,"71":null,"72":null,"73":null,"74":null,"75":null},"HighRate":{"0":null,"1":null,"2":null,"3":null,"4":4.0,"5":null,"6":null,"7":5.5,"8":null,"9":null,"10":null,"11":null,"12":null,"13":null,"14":null,"15":null,"16":null,"17":null,"18":null,"19":null,"20":null,"21":null,"22":null,"23":null,"24":null,"25":null,"26":null,"27":null,"28":null,"29":null,"30":null,"31":null,"32":null,"33":1.5,"34":null,"35":null,"36":null,"37":null,"38":null,"39":null,"40":null,"41":null,"42":null,"43":null,"44":null,"45":null,"46":null,"47":null,"48":null,"49":null,"50":null,"51":null,"52":null,"53":null,"54":null,"55":null,"56":null,"57":null,"58":null,"59":null,"60":null,"61":null,"62":null,"63":null,"64":null,"65":null,"66":null,"67":null,"68":null,"69":null,"70":null,"71":null,"72":null,"73":null,"74":null,"75":null},"LowRate":{"0":null,"1":null,"2":null,"3":null,"4":4.0,"5":null,"6":null,"7":5.5,"8":null,"9":null,"10":null,"11":null,"12":null,"13":null,"14":null,"15":null,"16":null,"17":null,"18":null,"19":null,"20":null,"21":null,"22":null,"23":null,"24":null,"25":null,"26":null,"27":null,"28":null,"29":null,"30":null,"31":null,"32":null,"33":1.5,"34":null,"35":null,"36":null,"37":null,"38":null,"39":null,"40":null,"41":null,"42":null,"43":null,"44":null,"45":null,"46":null,"47":null,"48":null,"49":null,"50":null,"51":null,"52":null,"53":null,"54":null,"55":null,"56":null,"57":null,"58":null,"59":null,"60":null,"61":null,"62":null,"63":null,"64":null,"65":null,"66":null,"67":null,"68":null,"69":null,"70":null,"71":null,"72":null,"73":null,"74":null,"75":null},"Ltradert":{"0":null,"1":null,"2":null,"3":null,"4":4.0,"5":null,"6":null,"7":5.5,"8":null,"9":null,"10":null,"11":null,"12":null,"13":null,"14":null,"15":null,"16":null,"17":null,"18":null,"19":null,"20":null,"21":null,"22":null,"23":null,"24":null,"25":null,"26":null,"27":null,"28":null,"29":null,"30":null,"31":null,"32":null,"33":1.5,"34":null,"35":null,"36":null,"37":null,"38":null,"39":null,"40":null,"41":null,"42":null,"43":null,"44":null,"45":null,"46":null,"47":null,"48":null,"49":null,"50":null,"51":null,"52":null,"53":null,"54":null,"55":null,"56":null,"57":null,"58":null,"59":null,"60":null,"61":null,"62":null,"63":null,"64":null,"65":null,"66":null,"67":null,"68":null,"69":null,"70":null,"71":null,"72":null,"73":null,"74":null,"75":null},"NoOfTrd":{"0":null,"1":null,"2":null,"3":null,"4":5,"5":null,"6":null,"7":4,"8":null,"9":null,"10":null,"11":null,"12":null,"13":null,"14":null,"15":null,"16":null,"17":null,"18":null,"19":null,"20":null,"21":null,"22":null,"23":null,"24":null,"25":null,"26":null,"27":null,"28":null,"29":null,"30":null,"31":null,"32":null,"33":5,"34":null,"35":null,"36":null,"37":null,"38":null,"39":null,"40":null,"41":null,"42":null,"43":null,"44":null,"45":null,"46":null,"47":null,"48":null,"49":null,"50":null,"51":null,"52":null,"53":null,"54":null,"55":null,"56":null,"57":null,"58":null,"59":null,"60":null,"61":null,"62":null,"63":null,"64":null,"65":null,"66":null,"67":null,"68":null,"69":null,"70":null,"71":null,"72":null,"73":null,"74":null,"75":null},"OpenRate":{"0":null,"1":null,"2":null,"3":null,"4":4.0,"5":null,"6":null,"7":5.5,"8":null,"9":null,"10":null,"11":null,"12":null,"13":null,"14":null,"15":null,"16":null,"17":null,"18":null,"19":null,"20":null,"21":null,"22":null,"23":null,"24":null,"25":null,"26":null,"27":null,"28":null,"29":null,"30":null,"31":null,"32":null,"33":1.5,"34":null,"35":null,"36":null,"37":null,"38":null,"39":null,"40":null,"41":null,"42":null,"43":null,"44":null,"45":null,"46":null,"47":null,"48":null,"49":null,"50":null,"51":null,"52":null,"53":null,"54":null,"55":null,"56":null,"57":null,"58":null,"59":null,"60":null,"61":null,"62":null,"63":null,"64":null,"65":null,"66":null,"67":null,"68":null,"69":null,"70":null,"71":null,"72":null,"73":null,"74":null,"75":null},"Tot_B_qty":{"0":null,"1":null,"2":null,"3":null,"4":null,"5":null,"6":null,"7":null,"8":null,"9":null,"10":null,"11":null,"12":null,"13":null,"14":null,"15":null,"16":null,"17":null,"18":null,"19":null,"20":null,"21":null,"22":null,"23":null,"24":null,"25":null,"26":null,"27":null,"28":null,"29":null,"30":null,"31":null,"32":null,"33":null,"34":null,"35":null,"36":null,"37":null,"38":null,"39":null,"40":null,"41":null,"42":null,"43":null,"44":null,"45":null,"46":null,"47":null,"48":null,"49":null,"50":null,"51":null,"52":null,"53":null,"54":null,"55":null,"56":null,"57":null,"58":null,"59":null,"60":null,"61":null,"62":null,"63":null,"64":null,"65":null,"66":null,"67":null,"68":null,"69":null,"70":null,"71":null,"72":null,"73":null,"74":null,"75":null},"Tot_S_qty":{"0":null,"1":null,"2":null,"3":null,"4":null,"5":null,"6":null,"7":null,"8":null,"9":null,"10":null,"11":null,"12":null,"13":null,"14":null,"15":null,"16":null,"17":null,"18":null,"19":null,"20":null,"21":null,"22":null,"23":null,"24":null,"25":null,"26":null,"27":null,"28":null,"29":null,"30":null,"31":null,"32":null,"33":null,"34":null,"35":null,"36":null,"37":null,"38":null,"39":null,"40":null,"41":null,"42":null,"43":null,"44":null,"45":null,"46":null,"47":null,"48":null,"49":null,"50":null,"51":null,"52":null,"53":null,"54":null,"55":null,"56":null,"57":null,"58":null,"59":null,"60":null,"61":null,"62":null,"63":null,"64":null,"65":null,"66":null,"67":null,"68":null,"69":null,"70":null,"71":null,"72":null,"73":null,"74":null,"75":null},"Trd_vol":{"0":null,"1":null,"2":null,"3":null,"4":3600,"5":null,"6":null,"7":3400,"8":null,"9":null,"10":null,"11":null,"12":null,"13":null,"14":null,"15":null,"16":null,"17":null,"18":null,"19":null,"20":null,"21":null,"22":null,"23":null,"24":null,"25":null,"26":null,"27":null,"28":null,"29":null,"30":null,"31":null,"32":null,"33":12974,"34":null,"35":null,"36":null,"37":null,"38":null,"39":null,"40":null,"41":null,"42":null,"43":null,"44":null,"45":null,"46":null,"47":null,"48":null,"49":null,"50":null,"51":null,"52":null,"53":null,"54":null,"55":null,"56":null,"57":null,"58":null,"59":null,"60":null,"61":null,"62":null,"63":null,"64":null,"65":null,"66":null,"67":null,"68":null,"69":null,"70":null,"71":null,"72":null,"73":null,"74":null,"75":null},"closerate":{"0":null,"1":null,"2":null,"3":null,"4":null,"5":null,"6":null,"7":null,"8":null,"9":null,"10":null,"11":null,"12":null,"13":null,"14":null,"15":null,"16":null,"17":null,"18":null,"19":null,"20":null,"21":null,"22":null,"23":null,"24":null,"25":null,"26":null,"27":null,"28":null,"29":null,"30":null,"31":null,"32":null,"33":null,"34":null,"35":null,"36":null,"37":null,"38":null,"39":null,"40":null,"41":null,"42":null,"43":null,"44":null,"45":null,"46":null,"47":null,"48":null,"49":null,"50":null,"51":null,"52":null,"53":null,"54":null,"55":null,"56":null,"57":null,"58":null,"59":null,"60":null,"61":null,"62":null,"63":null,"64":null,"65":null,"66":null,"67":null,"68":null,"69":null,"70":null,"71":null,"72":null,"73":null,"74":null,"75":null},"expirationdate":{"0":"2020-06-04T00:00:00","1":"2020-06-04T00:00:00","2":"2020-06-04T00:00:00","3":"2020-06-04T00:00:00","4":"2020-06-04T00:00:00","5":"2020-06-04T00:00:00","6":"2020-07-02T00:00:00","7":"2020-07-02T00:00:00","8":"2020-07-02T00:00:00","9":"2020-07-02T00:00:00","10":"2020-07-02T00:00:00","11":"2020-07-02T00:00:00","12":"2020-08-06T00:00:00","13":"2020-08-06T00:00:00","14":"2020-08-06T00:00:00","15":"2020-08-06T00:00:00","16":"2020-08-06T00:00:00","17":"2020-08-06T00:00:00","18":"2020-08-06T00:00:00","19":"2020-09-03T00:00:00","20":"2020-09-03T00:00:00","21":"2020-09-03T00:00:00","22":"2020-09-03T00:00:00","23":"2020-09-03T00:00:00","24":"2020-09-03T00:00:00","25":"2020-10-01T00:00:00","26":"2020-10-01T00:00:00","27":"2020-10-01T00:00:00","28":"2020-10-01T00:00:00","29":"2020-10-01T00:00:00","30":"2020-10-01T00:00:00","31":"2020-11-05T00:00:00","32":"2020-11-05T00:00:00","33":"2020-11-05T00:00:00","34":"2020-11-05T00:00:00","35":"2020-11-05T00:00:00","36":"2020-11-05T00:00:00","37":"2020-12-03T00:00:00","38":"2020-12-03T00:00:00","39":"2020-12-03T00:00:00","40":"2020-12-03T00:00:00","41":"2020-12-03T00:00:00","42":"2020-12-03T00:00:00","43":"2021-01-07T00:00:00","44":"2021-01-07T00:00:00","45":"2021-01-07T00:00:00","46":"2021-01-07T00:00:00","47":"2021-01-07T00:00:00","48":"2021-01-07T00:00:00","49":"2021-02-04T00:00:00","50":"2021-02-04T00:00:00","51":"2021-02-04T00:00:00","52":"2021-02-04T00:00:00","53":"2021-02-04T00:00:00","54":"2021-02-04T00:00:00","55":"2021-03-04T00:00:00","56":"2021-03-04T00:00:00","57":"2021-03-04T00:00:00","58":"2021-03-04T00:00:00","59":"2021-03-04T00:00:00","60":"2021-03-04T00:00:00","61":"2021-04-01T00:00:00","62":"2021-04-01T00:00:00","63":"2021-04-01T00:00:00","64":"2021-04-01T00:00:00","65":"2021-04-01T00:00:00","66":"2021-04-01T00:00:00","67":"2021-05-06T00:00:00","68":"2021-05-06T00:00:00","69":"2021-05-06T00:00:00","70":"2021-05-06T00:00:00","71":"2021-05-06T00:00:00","72":"2021-06-03T00:00:00","73":"2021-06-03T00:00:00","74":"2021-06-03T00:00:00","75":"2021-07-01T00:00:00"},"scrip_Cd":{"0":333773.0,"1":334481.0,"2":335491.0,"3":337158.0,"4":336199.0,"5":337866.0,"6":337867.0,"7":336200.0,"8":339570.0,"9":340275.0,"10":337159.0,"11":335492.0,"12":337160.0,"13":337160.0,"14":340276.0,"15":339571.0,"16":337868.0,"17":341850.0,"18":341247.0,"19":341248.0,"20":341851.0,"21":339572.0,"22":340277.0,"23":368914.0,"24":369095.0,"25":369276.0,"26":369457.0,"27":341852.0,"28":342513.0,"29":341249.0,"30":343314.0,"31":343315.0,"32":342514.0,"33":344001.0,"34":344802.0,"35":369638.0,"36":369819.0,"37":344803.0,"38":344002.0,"39":345552.0,"40":346122.0,"41":342515.0,"42":343316.0,"43":346123.0,"44":345553.0,"45":344003.0,"46":344804.0,"47":346728.0,"48":347214.0,"49":347215.0,"50":346729.0,"51":359927.0,"52":361085.0,"53":345554.0,"54":346124.0,"55":361086.0,"56":359928.0,"57":346730.0,"58":347216.0,"59":363425.0,"60":363893.0,"61":363894.0,"62":363426.0,"63":366260.0,"64":366761.0,"65":359929.0,"66":361087.0,"67":366762.0,"68":366261.0,"69":363427.0,"70":363895.0,"71":370565.0,"72":370566.0,"73":366262.0,"74":366763.0,"75":370567.0},"scripname":{"0":"RELIANCEAPRJUN20-MCF","1":"RELIANCEAPRJUN20-MNF","2":"RELIANCEMAYJUN20-MCF","3":"RELIANCE04JUN20-MCF","4":"RELIANCEMAYJUN20-MNF","5":"RELIANCE04JUN20-MNF","6":"RELIANCEJUNJUL20-MNF","7":"RELIANCEMAYJUL20-MNF","8":"RELIANCE02JUL20-MCF","9":"RELIANCE02JUL20-MNF","10":"RELIANCEJUNJUL20-MCF","11":"RELIANCEMAYJUL20-MCF","12":"RELIANCEJUNAUG20-MCF","13":"RELIANCEJUNAUG20-MCF","14":"RELIANCEJULAUG20-MNF","15":"RELIANCEJULAUG20-MCF","16":"RELIANCEJUNAUG20-MNF","17":"RELIANCE06AUG20-MNF","18":"RELIANCE06AUG20-MCF","19":"RELIANCEAUGSEP20-MCF","20":"RELIANCEAUGSEP20-MNF","21":"RELIANCEJULSEP20-MCF","22":"RELIANCEJULSEP20-MNF","23":"RELIANCE03SEP20-MCF","24":"RELIANCE03SEP20-MNF","25":"RELIANCESEPOCT20-MCF","26":"RELIANCESEPOCT20-MNF","27":"RELIANCEAUGOCT20-MNF","28":"RELIANCE01OCT20-MNF","29":"RELIANCEAUGOCT20-MCF","30":"RELIANCE01OCT20-MCF","31":"RELIANCEOCTNOV20-MCF","32":"RELIANCEOCTNOV20-MNF","33":"RELIANCE05NOV20-MNF","34":"RELIANCE05NOV20-MCF","35":"RELIANCESEPNOV20-MCF","36":"RELIANCESEPNOV20-MNF","37":"RELIANCENOVDEC20-MCF","38":"RELIANCENOVDEC20-MNF","39":"RELIANCE03DEC20-MNF","40":"RELIANCE03DEC20-MCF","41":"RELIANCEOCTDEC20-MNF","42":"RELIANCEOCTDEC20-MCF","43":"RELIANCEDECJAN21-MCF","44":"RELIANCEDECJAN21-MNF","45":"RELIANCENOVJAN21-MNF","46":"RELIANCENOVJAN21-MCF","47":"RELIANCE07JAN21-MCF","48":"RELIANCE07JAN21-MNF","49":"RELIANCEJANFEB21-MNF","50":"RELIANCEJANFEB21-MCF","51":"RELIANCE04FEB21-MCF","52":"RELIANCE04FEB21-MNF","53":"RELIANCEDECFEB21-MNF","54":"RELIANCEDECFEB21-MCF","55":"RELIANCEFEBMAR21-MNF","56":"RELIANCEFEBMAR21-MCF","57":"RELIANCEJANMAR21-MCF","58":"RELIANCEJANMAR21-MNF","59":"RELIANCE04MAR21-MCF","60":"RELIANCE04MAR21-MNF","61":"RELIANCEMARAPR21-MNF","62":"RELIANCEMARAPR21-MCF","63":"RELIANCE01APR21-MCF","64":"RELIANCE01APR21-MNF","65":"RELIANCEFEBAPR21-MCF","66":"RELIANCEFEBAPR21-MNF","67":"RELIANCEAPRMAY21-MNF","68":"RELIANCEAPRMAY21-MCF","69":"RELIANCEMARMAY21-MCF","70":"RELIANCEMARMAY21-MNF","71":"RELIANCE06MAY21-MNF","72":"RELIANCEMAYJUN21-MNF","73":"RELIANCEAPRJUN21-MCF","74":"RELIANCEAPRJUN21-MNF","75":"RELIANCEMAYJUL21-MNF"}}